Ticker,total_upvotes,total_comments,num_of_mentions,referenced_posts
AMD,21393,455,3,"Title: You were right. I was wrong.
Body: Down 460k on shares and around 200k on options AMD., Title: AMD just won‚Äôt go up
Body: Advanced Money Destroyer just won‚Äôt go up. I‚Äôve put All My Dollars in this stock and what do I get? ..., Title: AMD- I AINT HEAR NO BELL
Body: I bought more amd.  Let it cook."
BAC,8334,200,1,"Title: Bank of America says growth stocks are in a bubble exceeding the 'dot-com' and 'nifty fifty' eras.
Body: Bank of America says growth stocks are in a bubble exceeding the 'dot-com' and 'nifty fifty' eras ‚Äî ..."
BRK,2886,270,1,"Title: Berkshire cash hoard at all time highs. This has been a decent predictor of market corrections.
Body: nan"
COST,26719,286,2,"Title: Costco Increases Pay to Over $30 an Hour for Most Store Workers $COST
Body: nan, Title: New Virus, New Lambo, Biotech is about to go Rambo ($MRNA, $CSL) üöÄüöÄüöÄüöÄ
Body: Wake up babe new virus just dropped, and it's not the one you get from a $12 job behind Wendy's.http..."
DBX,551,69,1,"Title: Dropbox $DBX droped the money
Body: Follow up to my dd post. All rlz gainz49k -> 164kUnfortunattly hadnt the best entry with high IV. So..."
DJT,8977,200,1,"Title: Trump Media files to create ETFs using the Truth.Fi name and awards 1MM stock to key cabinet members
Body: submitted 16 days ago * by Purple-Ad-1231DJT filed to create ETFs tracking bitcoin and different US ..."
LUNR,222,56,1,"Title: DD on Intuitive Machines (LUNR) second moon mission next Wednesday (Feb 26th)
Body: Intuitive Machines is literally the first company since 1972 to bring the US to the moon. They are s..."
MRNA,148,86,1,"Title: New Virus, New Lambo, Biotech is about to go Rambo ($MRNA, $CSL) üöÄüöÄüöÄüöÄ
Body: Wake up babe new virus just dropped, and it's not the one you get from a $12 job behind Wendy's.http..."
NOK,222,56,1,"Title: DD on Intuitive Machines (LUNR) second moon mission next Wednesday (Feb 26th)
Body: Intuitive Machines is literally the first company since 1972 to bring the US to the moon. They are s..."
NVDA,54594,926,5,"Title: Trump To Tariff Chips Made In Taiwan, Targeting TSMC
Body: Why don't we kick Nvidia while it's down am I rite?, Title: DeepSeek Puts Tech Stocks on Track for $1 Trillion Wipeout
Body: Chinese artificial intelligence startup DeepSeek rocked global technology stocks Monday, raising que..., Title: Not buying the NVDA dip yesterday be like
Body: nan, Title: ‚ÄúDeepSeek . . . reportedly has 50,000 Nvidia GPUs and spent $1.6 billion on buildouts‚Äù
Body: ‚Äú[I]ndustry analyst firm SemiAnalysis reports that the company behind DeepSeek incurred $1.6 billion..., Title: NVIDIA's CEO Jensen Huang Addresses The ""DeepSeek Fiasco"" For The First Time; Says Investors ""Overreacted"" & ""Got It All Wrong""
Body: nan"
PLTR,8688,584,2,"Title: Just sold Palantir after almost 4 years
Body: As soon as I sold it went back up a bit lol but the valuation right now is just way too high. I expe..., Title: Am I cooked?
Body: I need this money to pay our mortgage in the next couple years because our buy down is expiring, whi..."
SPY,12058,200,1,"Title: I think it‚Äôs headed for a break out
Body: Here‚Äôs my DD‚Ä¶25 years of historical data and it has been decently profitable, SP02 seems to be range..."
TSLA,22670,731,4,"Title: Tesla Sales Plunge 63% in EU‚Äôs Second-Biggest EV Market
Body: nan, Title: Just sold Palantir after almost 4 years
Body: As soon as I sold it went back up a bit lol but the valuation right now is just way too high. I expe..., Title: Tesla recalls 380,000 vehicles in US over power steering assist issue
Body: nan, Title: the sector you've never touched IS a 10-bagger, but not like that [DD w/ $250k invested)
Body: A few days ago, I saw the [DD] posted here about the mining industry. The OP of this post was right ..."
TSMC,14631,200,1,"Title: Trump To Tariff Chips Made In Taiwan, Targeting TSMC
Body: Why don't we kick Nvidia while it's down am I rite?"
UNH,1513,226,1,"Title: DOJ Investigates Medicare Billing Practices at UnitedHealth
Body: nan"
