title,body,upvotes,num_comments
Prime Minister Justin Trudeau places 25 percent tariffs on $106 billion worth of American products.,,42864,500
Guilty,,31389,295
‚ÄúIt‚Äôs different this time‚Äù,,31359,500
"Weekend Discussion Thread for the Weekend of February 21, 2025",This post contains content not supported on old Reddit. Click here to view the full post,117,500
Prime Minister Justin Trudeau places 25 percent tariffs on $106 billion worth of American products.,,42866,500
Guilty,,31391,295
‚ÄúIt‚Äôs different this time‚Äù,,31352,500
Costco Increases Pay to Over $30 an Hour for Most Store Workers $COST,,26566,500
"Finally received the coveted ""what the fuck are you doing"" letter from Fidelity","https://preview.redd.it/xkwpeg7ejrhe1.png?width=903&format=png&auto=webp&s=38b99f46248c364c648a0f89f389bca06ce3d0cfFidelity, if you're reading this, I can assure you that I am sufficiently leveraged within my personal risk tolerance. Stop killin' my vibe",26221,500
It‚Äôs that time again,,17749,500
We are so back,"Covid WSB was peak, thanks to DONAL we are back!",15454,338
Most of you aren‚Äôt prepared for this scenario:,,15329,500
"Trump To Tariff Chips Made In Taiwan, Targeting TSMC",Why don't we kick Nvidia while it's down am I rite?,14631,500
DeepSeek Puts Tech Stocks on Track for $1 Trillion Wipeout,"Chinese artificial intelligence startup DeepSeek rocked global technology stocks Monday, raising questions over America‚Äôs technological dominance.Buzz grew over the weekend about DeepSeek‚Äôs latest AI model being cost-effective while running on less-advanced chips, casting doubt on the validity of the rich valuations for companies like Nvidia Corp., which has led the global AI stock boom as its chips have been seen as essential to the technology. Shares of [Nvidia] slid 10% in premarket trading on Monday. Nasdaq 100 futures tumbled 3.4%, while contracts on the S&P 500 fell 2% as of 5 a.m. in New York. In Europe, tech stocks led market losses, with shares of chip equipment maker ASML Holding NV down 11%. The Cboe Volatility Index, known as the VIX, spiked higher. The Nasdaq 100 and Europe‚Äôs Stoxx 600 technology sub-index were together set for a market capitalization wipeout of roughly $1 trillion, if the losses hold.Roughly 200,000 Nasdaq 100 futures contracts changed hands by 4:45 a.m. New York time, about four times more than the 30-day average for this time of day, according to data compiled by Bloomberg.AI trades slumped elsewhere as investors rethought assumptions on computing power and energy. Siemens Energy AG, one of the few AI winners in Europe, slid 20%.",14325,500
üíÄ,Should I be worried?,13406,106
Not buying the NVDA dip yesterday be like,,13325,500
"Fuck*ng legend , up more than 4% since his tweet",,13286,394
I don‚Äôt even know what Monday.com does.,,13172,500
"Trump Plans to Announce 25% Steel, Aluminum Tariffs on Monday...",,13164,500
Almost all of reddit lately üòÇ,,12721,371
Trump starts tariffs tuesday confirmed signed in rn.,,12410,500
Tesla Sales Plunge 63% in EU‚Äôs Second-Biggest EV Market,,12173,500
I think it‚Äôs headed for a break out,"Here‚Äôs my DD‚Ä¶25 years of historical data and it has been decently profitable, SP02 seems to be range bound from 95-100, but BPM sometimes goes way up. One day I finished running a marathon and checked the app and it was at 180. That being said, I am really thinking this is my next move - especially after monitoring it during the SPY moves today. It was volatile, going up and down quite a bit, but it consistently gained rather than dropping with SPY.That coupled with the fact it‚Äôs been range bound for so long makes me think it is a prime choice for a breakout.",12058,400
üö® Rare footage of a DeepSeek co-founder talking about his first AI startup exit,,11634,305
Flip it,,11493,178
"‚ÄúDeepSeek . . . reportedly has 50,000 Nvidia GPUs and spent $1.6 billion on buildouts‚Äù","‚Äú[I]ndustry analyst firm SemiAnalysis reports that the company behind DeepSeek incurred $1.6 billion in hardware costs and has a fleet of 50,000 Nvidia Hopper GPUs, a finding that undermines the idea that DeepSeek reinvented AI training and inference with dramatically lower investments than the leaders of the AI industry.‚ÄùI have no direct positions in NVIDIA but was hoping to buy a new GPU soon.",11340,500
You were right. I was wrong.,Down 460k on shares and around 200k on options AMD.,10830,500
AMD just won‚Äôt go up,"Advanced Money Destroyer just won‚Äôt go up. I‚Äôve put All My Dollars in this stock and what do I get? Account Massively Drained. I was told stocks only go up and that some good DD prevents the inevitable Wendy‚Äôs dumpster but I just Ain‚Äôt Making Dollars. I mean, it Ain‚Äôt Making Dividends, it‚Äôs Always Moving Down, and just had Another Massive Dip. I mean if they were to declare a dividend, it would probably be some 2 cent Autistic Micro Dividend. They say to average down, but it‚Äôs really just Averaging More Despair üò© I thought earnings would be great but it was just Another Miserable Day. These were All My Deposits on Robinhood, but I guess Annihilating My Dough makes for a WSB worthy post.AM I Dumb for buying this stock? Sorry for the rant but I guess I'm just another Autistic Mourning Degenerate on this sub.Edit: As the morning went on I felt I had more to vent on this matter.",10492,500
Trump Media files to create ETFs using the Truth.Fi name and awards 1MM stock to key cabinet members,"submitted 16 days ago * by Purple-Ad-1231DJT filed to create ETFs tracking bitcoin and different US sectors (manufacturing etc.) - https://www.reuters.com/technology/trump-media-files-trademark-investment-products-targeting-bitcoin-us-industries-2025-02-06/They also gave key cabinet members like Kash Patel (next FBI director), Linda McMahon (Secretary of Education) and Robert Lighthizer (US Trade Negotiator for Trump) 1MM in stock vesting through 2027 -  https://www.bloomberg.com/news/articles/2025-02-04/kash-patel-s-800-000-trump-media-award-raises-conflict-questions-for-fbi-pick (Non paywall - https://archive.ph/YrE76) and https://ir.tmtgcorp.com/financials/sec-filings/",8972,476
Bank of America says growth stocks are in a bubble exceeding the 'dot-com' and 'nifty fifty' eras.,"Bank of America says growth stocks are in a bubble exceeding the 'dot-com' and 'nifty fifty' eras ‚Äî and warns they could take the S&P 500 down 40%.Bank of America warns of a bubble in US growth stocks echoing the ""Nifty Fifty"" and ""dot-com"" eras.https://finance.yahoo.com/news/bank-america-says-growth-stocks-180002109.html",8342,500
Just sold Palantir after almost 4 years,As soon as I sold it went back up a bit lol but the valuation right now is just way too high. I expect a correction and I plan to reinvest in it. I'm hoping on going all in on TSLA next as it's oversold. Any insight? ,8213,500
Sheinbaum says had a good conversation with Trump. Tariffs paused for a month | Forexlive,,7689,500
